date,item,value
201905,全国城镇16—24岁劳动力失业率,10.5
201905,全国城镇不包含在校生的25—29岁劳动力失业率,0.0
201905,全国城镇不包含在校生的16—24岁劳动力失业率,0.0
201905,企业就业人员周平均工作时间,0.0
201905,全国城镇25—59岁劳动力失业率,4.5
201905,全国城镇外来户籍劳动力失业率,0.0
201905,全国城镇本地户籍劳动力失业率,0.0
201905,31个大城市城镇调查失业率,5.0
201905,全国城镇调查失业率,5.0
201905,全国城镇不包含在校生的30—59岁劳动力失业率,0.0
201906,全国城镇不包含在校生的16—24岁劳动力失业率,0.0
201906,全国城镇外来户籍劳动力失业率,0.0
201906,全国城镇16—24岁劳动力失业率,11.6
201906,全国城镇不包含在校生的30—59岁劳动力失业率,0.0
201906,全国城镇25—59岁劳动力失业率,4.6
201906,全国城镇不包含在校生的25—29岁劳动力失业率,0.0
201906,企业就业人员周平均工作时间,0.0
201906,全国城镇本地户籍劳动力失业率,0.0
201906,31个大城市城镇调查失业率,5.0
201906,全国城镇调查失业率,5.1
201907,全国城镇外来户籍劳动力失业率,0.0
201907,全国城镇25—59岁劳动力失业率,4.6
201907,全国城镇本地户籍劳动力失业率,0.0
201907,全国城镇不包含在校生的16—24岁劳动力失业率,0.0
201907,全国城镇不包含在校生的30—59岁劳动力失业率,0.0
201907,企业就业人员周平均工作时间,0.0
201907,全国城镇16—24岁劳动力失业率,13.9
201907,全国城镇不包含在校生的25—29岁劳动力失业率,0.0
201907,31个大城市城镇调查失业率,5.2
201907,全国城镇调查失业率,5.3
201908,全国城镇本地户籍劳动力失业率,0.0
201908,全国城镇调查失业率,5.2
201908,全国城镇不包含在校生的25—29岁劳动力失业率,0.0
201908,31个大城市城镇调查失业率,5.2
201908,全国城镇不包含在校生的30—59岁劳动力失业率,0.0
201908,全国城镇25—59岁劳动力失业率,4.5
201908,全国城镇16—24岁劳动力失业率,13.1
201908,全国城镇外来户籍劳动力失业率,0.0
201908,企业就业人员周平均工作时间,0.0
201908,全国城镇不包含在校生的16—24岁劳动力失业率,0.0
201909,31个大城市城镇调查失业率,5.2
201909,全国城镇不包含在校生的16—24岁劳动力失业率,0.0
201909,全国城镇16—24岁劳动力失业率,13.0
201909,全国城镇调查失业率,5.2
201909,全国城镇不包含在校生的30—59岁劳动力失业率,0.0
201909,全国城镇外来户籍劳动力失业率,0.0
201909,全国城镇不包含在校生的25—29岁劳动力失业率,0.0
201909,企业就业人员周平均工作时间,0.0
201909,全国城镇本地户籍劳动力失业率,0.0
201909,全国城镇25—59岁劳动力失业率,4.6
201910,31个大城市城镇调查失业率,5.1
201910,企业就业人员周平均工作时间,0.0
201910,全国城镇不包含在校生的30—59岁劳动力失业率,0.0
201910,全国城镇16—24岁劳动力失业率,12.4
201910,全国城镇不包含在校生的25—29岁劳动力失业率,0.0
201910,全国城镇调查失业率,5.1
201910,全国城镇不包含在校生的16—24岁劳动力失业率,0.0
201910,全国城镇25—59岁劳动力失业率,4.6
201910,全国城镇本地户籍劳动力失业率,0.0
201910,全国城镇外来户籍劳动力失业率,0.0
201911,31个大城市城镇调查失业率,5.1
201911,全国城镇16—24岁劳动力失业率,12.5
201911,企业就业人员周平均工作时间,0.0
201911,全国城镇调查失业率,5.1
201911,全国城镇外来户籍劳动力失业率,0.0
201911,全国城镇本地户籍劳动力失业率,0.0
201911,全国城镇不包含在校生的16—24岁劳动力失业率,0.0
201911,全国城镇不包含在校生的25—29岁劳动力失业率,0.0
201911,全国城镇不包含在校生的30—59岁劳动力失业率,0.0
201911,全国城镇25—59岁劳动力失业率,4.6
201912,全国城镇25—59岁劳动力失业率,4.7
201912,全国城镇不包含在校生的30—59岁劳动力失业率,0.0
201912,企业就业人员周平均工作时间,0.0
201912,全国城镇不包含在校生的16—24岁劳动力失业率,0.0
201912,全国城镇不包含在校生的25—29岁劳动力失业率,0.0
201912,全国城镇16—24岁劳动力失业率,12.2
201912,全国城镇本地户籍劳动力失业率,0.0
201912,全国城镇外来户籍劳动力失业率,0.0
201912,全国城镇调查失业率,5.2
201912,31个大城市城镇调查失业率,5.2
202001,全国城镇外来户籍劳动力失业率,0.0
202001,全国城镇本地户籍劳动力失业率,0.0
202001,全国城镇不包含在校生的25—29岁劳动力失业率,0.0
202001,31个大城市城镇调查失业率,5.2
202001,全国城镇25—59岁劳动力失业率,4.7
202001,全国城镇调查失业率,5.3
202001,企业就业人员周平均工作时间,0.0
202001,全国城镇不包含在校生的30—59岁劳动力失业率,0.0
202001,全国城镇16—24岁劳动力失业率,12.5
202001,全国城镇不包含在校生的16—24岁劳动力失业率,0.0
202002,全国城镇25—59岁劳动力失业率,5.6
202002,全国城镇本地户籍劳动力失业率,0.0
202002,全国城镇不包含在校生的30—59岁劳动力失业率,0.0
202002,全国城镇不包含在校生的16—24岁劳动力失业率,0.0
202002,全国城镇不包含在校生的25—29岁劳动力失业率,0.0
202002,31个大城市城镇调查失业率,5.7
202002,全国城镇调查失业率,6.2
202002,全国城镇外来户籍劳动力失业率,0.0
202002,企业就业人员周平均工作时间,0.0
202002,全国城镇16—24岁劳动力失业率,13.6
202003,全国城镇16—24岁劳动力失业率,13.3
202003,31个大城市城镇调查失业率,5.7
202003,全国城镇调查失业率,5.9
202003,全国城镇不包含在校生的25—29岁劳动力失业率,0.0
202003,全国城镇不包含在校生的16—24岁劳动力失业率,0.0
202003,全国城镇外来户籍劳动力失业率,0.0
202003,全国城镇25—59岁劳动力失业率,5.4
202003,全国城镇本地户籍劳动力失业率,0.0
202003,企业就业人员周平均工作时间,0.0
202003,全国城镇不包含在校生的30—59岁劳动力失业率,0.0
202004,全国城镇不包含在校生的30—59岁劳动力失业率,0.0
202004,全国城镇外来户籍劳动力失业率,0.0
202004,31个大城市城镇调查失业率,5.8
202004,全国城镇不包含在校生的16—24岁劳动力失业率,0.0
202004,全国城镇本地户籍劳动力失业率,0.0
202004,全国城镇调查失业率,6.0
202004,全国城镇不包含在校生的25—29岁劳动力失业率,0.0
202004,全国城镇16—24岁劳动力失业率,13.8
202004,企业就业人员周平均工作时间,0.0
202004,全国城镇25—59岁劳动力失业率,5.5
202005,全国城镇本地户籍劳动力失业率,0.0
202005,全国城镇不包含在校生的25—29岁劳动力失业率,0.0
202005,全国城镇外来户籍劳动力失业率,0.0
202005,全国城镇25—59岁劳动力失业率,5.4
202005,全国城镇16—24岁劳动力失业率,14.8
202005,31个大城市城镇调查失业率,5.9
202005,全国城镇不包含在校生的30—59岁劳动力失业率,0.0
202005,全国城镇调查失业率,5.9
202005,全国城镇不包含在校生的16—24岁劳动力失业率,0.0
202005,企业就业人员周平均工作时间,0.0
202006,全国城镇不包含在校生的30—59岁劳动力失业率,0.0
202006,全国城镇本地户籍劳动力失业率,0.0
202006,全国城镇不包含在校生的25—29岁劳动力失业率,0.0
202006,全国城镇不包含在校生的16—24岁劳动力失业率,0.0
202006,全国城镇外来户籍劳动力失业率,0.0
202006,全国城镇16—24岁劳动力失业率,15.4
202006,全国城镇25—59岁劳动力失业率,5.2
202006,全国城镇调查失业率,5.7
202006,企业就业人员周平均工作时间,0.0
202006,31个大城市城镇调查失业率,5.8
202007,全国城镇调查失业率,5.7
202007,31个大城市城镇调查失业率,5.8
202007,全国城镇本地户籍劳动力失业率,0.0
202007,全国城镇不包含在校生的16—24岁劳动力失业率,0.0
202007,全国城镇不包含在校生的25—29岁劳动力失业率,0.0
202007,全国城镇16—24岁劳动力失业率,16.8
202007,企业就业人员周平均工作时间,0.0
202007,全国城镇外来户籍劳动力失业率,0.0
202007,全国城镇25—59岁劳动力失业率,5.0
202007,全国城镇不包含在校生的30—59岁劳动力失业率,0.0
202008,全国城镇外来户籍劳动力失业率,0.0
202008,企业就业人员周平均工作时间,0.0
202008,全国城镇不包含在校生的30—59岁劳动力失业率,0.0
202008,全国城镇25—59岁劳动力失业率,4.8
202008,全国城镇本地户籍劳动力失业率,0.0
202008,全国城镇调查失业率,5.6
202008,全国城镇16—24岁劳动力失业率,16.8
202008,全国城镇不包含在校生的16—24岁劳动力失业率,0.0
202008,全国城镇不包含在校生的25—29岁劳动力失业率,0.0
202008,31个大城市城镇调查失业率,5.7
202009,全国城镇16—24岁劳动力失业率,15.0
202009,全国城镇不包含在校生的16—24岁劳动力失业率,0.0
202009,全国城镇调查失业率,5.4
202009,全国城镇本地户籍劳动力失业率,0.0
202009,全国城镇外来户籍劳动力失业率,0.0
202009,企业就业人员周平均工作时间,0.0
202009,全国城镇不包含在校生的30—59岁劳动力失业率,0.0
202009,全国城镇25—59岁劳动力失业率,4.8
202009,31个大城市城镇调查失业率,5.5
202009,全国城镇不包含在校生的25—29岁劳动力失业率,0.0
202010,全国城镇16—24岁劳动力失业率,13.2
202010,企业就业人员周平均工作时间,0.0
202010,全国城镇本地户籍劳动力失业率,0.0
202010,31个大城市城镇调查失业率,5.3
202010,全国城镇不包含在校生的30—59岁劳动力失业率,0.0
202010,全国城镇不包含在校生的16—24岁劳动力失业率,0.0
202010,全国城镇调查失业率,5.3
202010,全国城镇外来户籍劳动力失业率,0.0
202010,全国城镇25—59岁劳动力失业率,4.8
202010,全国城镇不包含在校生的25—29岁劳动力失业率,0.0
202011,全国城镇25—59岁劳动力失业率,4.7
202011,全国城镇不包含在校生的16—24岁劳动力失业率,0.0
202011,全国城镇调查失业率,5.2
202011,全国城镇本地户籍劳动力失业率,0.0
202011,31个大城市城镇调查失业率,5.2
202011,企业就业人员周平均工作时间,0.0
202011,全国城镇不包含在校生的30—59岁劳动力失业率,0.0
202011,全国城镇16—24岁劳动力失业率,12.8
202011,全国城镇不包含在校生的25—29岁劳动力失业率,0.0
202011,全国城镇外来户籍劳动力失业率,0.0
202012,企业就业人员周平均工作时间,0.0
202012,全国城镇不包含在校生的30—59岁劳动力失业率,0.0
202012,全国城镇外来户籍劳动力失业率,0.0
202012,全国城镇调查失业率,5.2
202012,31个大城市城镇调查失业率,5.1
202012,全国城镇16—24岁劳动力失业率,12.3
202012,全国城镇不包含在校生的25—29岁劳动力失业率,0.0
202012,全国城镇本地户籍劳动力失业率,0.0
202012,全国城镇不包含在校生的16—24岁劳动力失业率,0.0
202012,全国城镇25—59岁劳动力失业率,4.7
202101,全国城镇不包含在校生的16—24岁劳动力失业率,0.0
202101,企业就业人员周平均工作时间,0.0
202101,全国城镇不包含在校生的30—59岁劳动力失业率,0.0
202101,全国城镇25—59岁劳动力失业率,4.9
202101,全国城镇外来户籍劳动力失业率,5.1
202101,全国城镇16—24岁劳动力失业率,12.7
202101,全国城镇本地户籍劳动力失业率,5.6
202101,31个大城市城镇调查失业率,5.4
202101,全国城镇不包含在校生的25—29岁劳动力失业率,0.0
202101,全国城镇调查失业率,5.4
202102,全国城镇本地户籍劳动力失业率,5.7
202102,全国城镇16—24岁劳动力失业率,13.1
202102,全国城镇不包含在校生的16—24岁劳动力失业率,0.0
202102,31个大城市城镇调查失业率,5.5
202102,全国城镇不包含在校生的30—59岁劳动力失业率,0.0
202102,全国城镇25—59岁劳动力失业率,5.0
202102,全国城镇不包含在校生的25—29岁劳动力失业率,0.0
202102,全国城镇调查失业率,5.5
202102,全国城镇外来户籍劳动力失业率,5.2
202102,企业就业人员周平均工作时间,0.0
202103,全国城镇本地户籍劳动力失业率,5.3
202103,31个大城市城镇调查失业率,5.3
202103,全国城镇25—59岁劳动力失业率,4.8
202103,全国城镇不包含在校生的30—59岁劳动力失业率,0.0
202103,全国城镇不包含在校生的25—29岁劳动力失业率,0.0
202103,全国城镇不包含在校生的16—24岁劳动力失业率,0.0
202103,全国城镇调查失业率,5.3
202103,企业就业人员周平均工作时间,0.0
202103,全国城镇16—24岁劳动力失业率,13.6
202103,全国城镇外来户籍劳动力失业率,5.4
202104,全国城镇25—59岁劳动力失业率,4.6
202104,全国城镇16—24岁劳动力失业率,13.6
202104,企业就业人员周平均工作时间,0.0
202104,全国城镇不包含在校生的16—24岁劳动力失业率,0.0
202104,全国城镇不包含在校生的30—59岁劳动力失业率,0.0
202104,全国城镇不包含在校生的25—29岁劳动力失业率,0.0
202104,31个大城市城镇调查失业率,5.2
202104,全国城镇本地户籍劳动力失业率,5.1
202104,全国城镇调查失业率,5.1
202104,全国城镇外来户籍劳动力失业率,5.1
202105,全国城镇本地户籍劳动力失业率,5.1
202105,全国城镇不包含在校生的30—59岁劳动力失业率,0.0
202105,全国城镇不包含在校生的25—29岁劳动力失业率,0.0
202105,全国城镇外来户籍劳动力失业率,5.0
202105,企业就业人员周平均工作时间,0.0
202105,31个大城市城镇调查失业率,5.2
202105,全国城镇25—59岁劳动力失业率,4.4
202105,全国城镇不包含在校生的16—24岁劳动力失业率,0.0
202105,全国城镇16—24岁劳动力失业率,13.8
202105,全国城镇调查失业率,5.0
202106,全国城镇外来户籍劳动力失业率,5.1
202106,全国城镇不包含在校生的16—24岁劳动力失业率,0.0
202106,全国城镇本地户籍劳动力失业率,5.0
202106,企业就业人员周平均工作时间,0.0
202106,全国城镇调查失业率,5.0
202106,全国城镇不包含在校生的25—29岁劳动力失业率,0.0
202106,全国城镇16—24岁劳动力失业率,15.4
202106,31个大城市城镇调查失业率,5.2
202106,全国城镇不包含在校生的30—59岁劳动力失业率,0.0
202106,全国城镇25—59岁劳动力失业率,4.2
202107,全国城镇不包含在校生的25—29岁劳动力失业率,0.0
202107,企业就业人员周平均工作时间,0.0
202107,全国城镇25—59岁劳动力失业率,4.2
202107,全国城镇不包含在校生的16—24岁劳动力失业率,0.0
202107,全国城镇调查失业率,5.1
202107,全国城镇外来户籍劳动力失业率,5.0
202107,全国城镇不包含在校生的30—59岁劳动力失业率,0.0
202107,全国城镇16—24岁劳动力失业率,16.2
202107,31个大城市城镇调查失业率,5.2
202107,全国城镇本地户籍劳动力失业率,5.1
202108,全国城镇不包含在校生的16—24岁劳动力失业率,0.0
202108,全国城镇调查失业率,5.1
202108,企业就业人员周平均工作时间,0.0
202108,全国城镇16—24岁劳动力失业率,15.3
202108,全国城镇本地户籍劳动力失业率,5.2
202108,全国城镇不包含在校生的25—29岁劳动力失业率,0.0
202108,全国城镇不包含在校生的30—59岁劳动力失业率,0.0
202108,全国城镇25—59岁劳动力失业率,4.3
202108,全国城镇外来户籍劳动力失业率,5.0
202108,31个大城市城镇调查失业率,5.3
202109,企业就业人员周平均工作时间,0.0
202109,31个大城市城镇调查失业率,5.0
202109,全国城镇不包含在校生的25—29岁劳动力失业率,0.0
202109,全国城镇调查失业率,4.9
202109,全国城镇不包含在校生的16—24岁劳动力失业率,0.0
202109,全国城镇外来户籍劳动力失业率,4.8
202109,全国城镇25—59岁劳动力失业率,4.2
202109,全国城镇不包含在校生的30—59岁劳动力失业率,0.0
202109,全国城镇16—24岁劳动力失业率,14.6
202109,全国城镇本地户籍劳动力失业率,5.0
202110,全国城镇不包含在校生的25—29岁劳动力失业率,0.0
202110,全国城镇16—24岁劳动力失业率,14.2
202110,全国城镇调查失业率,4.9
202110,31个大城市城镇调查失业率,5.1
202110,全国城镇25—59岁劳动力失业率,4.2
202110,企业就业人员周平均工作时间,0.0
202110,全国城镇不包含在校生的30—59岁劳动力失业率,0.0
202110,全国城镇不包含在校生的16—24岁劳动力失业率,0.0
202110,全国城镇外来户籍劳动力失业率,4.8
202110,全国城镇本地户籍劳动力失业率,4.9
202111,31个大城市城镇调查失业率,5.1
202111,全国城镇调查失业率,5.0
202111,全国城镇本地户籍劳动力失业率,5.1
202111,全国城镇不包含在校生的30—59岁劳动力失业率,0.0
202111,全国城镇25—59岁劳动力失业率,4.3
202111,全国城镇不包含在校生的25—29岁劳动力失业率,0.0
202111,企业就业人员周平均工作时间,0.0
202111,全国城镇不包含在校生的16—24岁劳动力失业率,0.0
202111,全国城镇外来户籍劳动力失业率,4.8
202111,全国城镇16—24岁劳动力失业率,14.3
202112,全国城镇25—59岁劳动力失业率,4.4
202112,全国城镇不包含在校生的25—29岁劳动力失业率,0.0
202112,全国城镇不包含在校生的16—24岁劳动力失业率,0.0
202112,全国城镇16—24岁劳动力失业率,14.3
202112,全国城镇外来户籍劳动力失业率,4.9
202112,全国城镇本地户籍劳动力失业率,5.1
202112,全国城镇调查失业率,5.1
202112,全国城镇不包含在校生的30—59岁劳动力失业率,0.0
202112,企业就业人员周平均工作时间,0.0
202112,31个大城市城镇调查失业率,5.1
202201,31个大城市城镇调查失业率,5.4
202201,全国城镇不包含在校生的16—24岁劳动力失业率,0.0
202201,全国城镇25—59岁劳动力失业率,4.6
202201,全国城镇调查失业率,5.3
202201,全国城镇不包含在校生的30—59岁劳动力失业率,0.0
202201,企业就业人员周平均工作时间,47.5
202201,全国城镇16—24岁劳动力失业率,15.3
202201,全国城镇外来户籍劳动力失业率,5.1
202201,全国城镇本地户籍劳动力失业率,5.4
202201,全国城镇不包含在校生的25—29岁劳动力失业率,0.0
202202,全国城镇不包含在校生的25—29岁劳动力失业率,0.0
202202,全国城镇调查失业率,5.5
202202,全国城镇外来户籍劳动力失业率,5.6
202202,全国城镇25—59岁劳动力失业率,4.8
202202,全国城镇不包含在校生的30—59岁劳动力失业率,0.0
202202,全国城镇16—24岁劳动力失业率,15.3
202202,全国城镇本地户籍劳动力失业率,5.5
202202,企业就业人员周平均工作时间,46.7
202202,全国城镇不包含在校生的16—24岁劳动力失业率,0.0
202202,31个大城市城镇调查失业率,5.4
202203,全国城镇不包含在校生的25—29岁劳动力失业率,0.0
202203,全国城镇不包含在校生的30—59岁劳动力失业率,0.0
202203,全国城镇调查失业率,5.8
202203,全国城镇16—24岁劳动力失业率,16.0
202203,31个大城市城镇调查失业率,6.0
202203,全国城镇外来户籍劳动力失业率,6.3
202203,全国城镇25—59岁劳动力失业率,5.2
202203,全国城镇本地户籍劳动力失业率,5.6
202203,企业就业人员周平均工作时间,47.3
202203,全国城镇不包含在校生的16—24岁劳动力失业率,0.0
202204,企业就业人员周平均工作时间,46.2
202204,全国城镇外来户籍劳动力失业率,6.9
202204,31个大城市城镇调查失业率,6.7
202204,全国城镇不包含在校生的25—29岁劳动力失业率,0.0
202204,全国城镇不包含在校生的16—24岁劳动力失业率,0.0
202204,全国城镇不包含在校生的30—59岁劳动力失业率,0.0
202204,全国城镇本地户籍劳动力失业率,5.7
202204,全国城镇16—24岁劳动力失业率,18.2
202204,全国城镇调查失业率,6.1
202204,全国城镇25—59岁劳动力失业率,5.3
202205,全国城镇不包含在校生的25—29岁劳动力失业率,0.0
202205,全国城镇不包含在校生的16—24岁劳动力失业率,0.0
202205,全国城镇外来户籍劳动力失业率,6.6
202205,全国城镇本地户籍劳动力失业率,5.5
202205,企业就业人员周平均工作时间,47.2
202205,全国城镇25—59岁劳动力失业率,5.1
202205,31个大城市城镇调查失业率,6.9
202205,全国城镇16—24岁劳动力失业率,18.4
202205,全国城镇不包含在校生的30—59岁劳动力失业率,0.0
202205,全国城镇调查失业率,5.9
202206,全国城镇本地户籍劳动力失业率,5.3
202206,全国城镇外来户籍劳动力失业率,5.8
202206,全国城镇不包含在校生的16—24岁劳动力失业率,0.0
202206,全国城镇25—59岁劳动力失业率,4.5
202206,全国城镇不包含在校生的25—29岁劳动力失业率,0.0
202206,全国城镇16—24岁劳动力失业率,19.3
202206,31个大城市城镇调查失业率,5.8
202206,企业就业人员周平均工作时间,47.7
202206,全国城镇不包含在校生的30—59岁劳动力失业率,0.0
202206,全国城镇调查失业率,5.5
202207,全国城镇不包含在校生的30—59岁劳动力失业率,0.0
202207,全国城镇本地户籍劳动力失业率,5.3
202207,全国城镇16—24岁劳动力失业率,19.9
202207,31个大城市城镇调查失业率,5.6
202207,全国城镇25—59岁劳动力失业率,4.3
202207,全国城镇外来户籍劳动力失业率,5.5
202207,企业就业人员周平均工作时间,48.0
202207,全国城镇不包含在校生的16—24岁劳动力失业率,0.0
202207,全国城镇调查失业率,5.4
202207,全国城镇不包含在校生的25—29岁劳动力失业率,0.0
202208,全国城镇不包含在校生的30—59岁劳动力失业率,0.0
202208,全国城镇不包含在校生的25—29岁劳动力失业率,0.0
202208,全国城镇16—24岁劳动力失业率,18.7
202208,全国城镇调查失业率,5.3
202208,企业就业人员周平均工作时间,48.0
202208,全国城镇外来户籍劳动力失业率,5.3
202208,全国城镇25—59岁劳动力失业率,4.3
202208,31个大城市城镇调查失业率,5.4
202208,全国城镇本地户籍劳动力失业率,5.3
202208,全国城镇不包含在校生的16—24岁劳动力失业率,0.0
202209,全国城镇调查失业率,5.5
202209,全国城镇不包含在校生的30—59岁劳动力失业率,0.0
202209,企业就业人员周平均工作时间,47.8
202209,全国城镇本地户籍劳动力失业率,5.4
202209,全国城镇外来户籍劳动力失业率,5.6
202209,全国城镇16—24岁劳动力失业率,17.9
202209,全国城镇不包含在校生的25—29岁劳动力失业率,0.0
202209,31个大城市城镇调查失业率,5.8
202209,全国城镇25—59岁劳动力失业率,4.7
202209,全国城镇不包含在校生的16—24岁劳动力失业率,0.0
202210,全国城镇不包含在校生的25—29岁劳动力失业率,0.0
202210,31个大城市城镇调查失业率,6.0
202210,全国城镇16—24岁劳动力失业率,17.9
202210,全国城镇外来户籍劳动力失业率,5.7
202210,全国城镇调查失业率,5.5
202210,全国城镇不包含在校生的16—24岁劳动力失业率,0.0
202210,企业就业人员周平均工作时间,47.9
202210,全国城镇25—59岁劳动力失业率,4.7
202210,全国城镇本地户籍劳动力失业率,5.4
202210,全国城镇不包含在校生的30—59岁劳动力失业率,0.0
202211,全国城镇不包含在校生的30—59岁劳动力失业率,0.0
202211,全国城镇不包含在校生的25—29岁劳动力失业率,0.0
202211,全国城镇16—24岁劳动力失业率,17.1
202211,全国城镇本地户籍劳动力失业率,5.5
202211,全国城镇不包含在校生的16—24岁劳动力失业率,0.0
202211,全国城镇外来户籍劳动力失业率,6.2
202211,31个大城市城镇调查失业率,6.7
202211,全国城镇25—59岁劳动力失业率,5.0
202211,企业就业人员周平均工作时间,47.7
202211,全国城镇调查失业率,5.7
202212,31个大城市城镇调查失业率,6.1
202212,企业就业人员周平均工作时间,47.9
202212,全国城镇不包含在校生的30—59岁劳动力失业率,0.0
202212,全国城镇不包含在校生的16—24岁劳动力失业率,0.0
202212,全国城镇16—24岁劳动力失业率,16.7
202212,全国城镇不包含在校生的25—29岁劳动力失业率,0.0
202212,全国城镇本地户籍劳动力失业率,5.4
202212,全国城镇25—59岁劳动力失业率,4.8
202212,全国城镇外来户籍劳动力失业率,5.7
202212,全国城镇调查失业率,5.5
202301,全国城镇不包含在校生的16—24岁劳动力失业率,0.0
202301,全国城镇外来户籍劳动力失业率,5.6
202301,全国城镇不包含在校生的25—29岁劳动力失业率,0.0
202301,全国城镇不包含在校生的30—59岁劳动力失业率,0.0
202301,全国城镇25—59岁劳动力失业率,4.7
202301,31个大城市城镇调查失业率,5.8
202301,全国城镇本地户籍劳动力失业率,5.4
202301,企业就业人员周平均工作时间,47.9
202301,全国城镇16—24岁劳动力失业率,17.3
202301,全国城镇调查失业率,5.5
202302,全国城镇调查失业率,5.6
202302,全国城镇不包含在校生的25—29岁劳动力失业率,0.0
202302,全国城镇16—24岁劳动力失业率,18.1
202302,全国城镇不包含在校生的30—59岁劳动力失业率,0.0
202302,企业就业人员周平均工作时间,47.9
202302,31个大城市城镇调查失业率,5.7
202302,全国城镇本地户籍劳动力失业率,5.4
202302,全国城镇25—59岁劳动力失业率,4.8
202302,全国城镇不包含在校生的16—24岁劳动力失业率,0.0
202302,全国城镇外来户籍劳动力失业率,5.9
202303,31个大城市城镇调查失业率,5.5
202303,全国城镇本地户籍劳动力失业率,5.1
202303,全国城镇不包含在校生的16—24岁劳动力失业率,0.0
202303,全国城镇16—24岁劳动力失业率,19.6
202303,全国城镇25—59岁劳动力失业率,4.3
202303,全国城镇外来户籍劳动力失业率,5.6
202303,全国城镇不包含在校生的30—59岁劳动力失业率,0.0
202303,企业就业人员周平均工作时间,48.7
202303,全国城镇调查失业率,5.3
202303,全国城镇不包含在校生的25—29岁劳动力失业率,0.0
202304,全国城镇外来户籍劳动力失业率,5.4
202304,全国城镇调查失业率,5.2
202304,全国城镇25—59岁劳动力失业率,4.2
202304,全国城镇不包含在校生的30—59岁劳动力失业率,0.0
202304,全国城镇本地户籍劳动力失业率,5.1
202304,企业就业人员周平均工作时间,48.8
202304,31个大城市城镇调查失业率,5.5
202304,全国城镇16—24岁劳动力失业率,20.4
202304,全国城镇不包含在校生的16—24岁劳动力失业率,0.0
202304,全国城镇不包含在校生的25—29岁劳动力失业率,0.0
202305,全国城镇不包含在校生的25—29岁劳动力失业率,0.0
202305,全国城镇不包含在校生的30—59岁劳动力失业率,0.0
202305,31个大城市城镇调查失业率,5.5
202305,全国城镇调查失业率,5.2
202305,全国城镇16—24岁劳动力失业率,20.8
202305,全国城镇外来户籍劳动力失业率,5.4
202305,全国城镇本地户籍劳动力失业率,5.1
202305,全国城镇不包含在校生的16—24岁劳动力失业率,0.0
202305,全国城镇25—59岁劳动力失业率,4.1
202305,企业就业人员周平均工作时间,48.6
202306,全国城镇不包含在校生的16—24岁劳动力失业率,0.0
202306,全国城镇16—24岁劳动力失业率,21.3
202306,全国城镇25—59岁劳动力失业率,4.1
202306,全国城镇调查失业率,5.2
202306,31个大城市城镇调查失业率,5.5
202306,全国城镇不包含在校生的25—29岁劳动力失业率,0.0
202306,企业就业人员周平均工作时间,48.7
202306,全国城镇本地户籍劳动力失业率,5.1
202306,全国城镇不包含在校生的30—59岁劳动力失业率,0.0
202306,全国城镇外来户籍劳动力失业率,5.3
202307,全国城镇不包含在校生的25—29岁劳动力失业率,0.0
202307,全国城镇不包含在校生的16—24岁劳动力失业率,0.0
202307,全国城镇不包含在校生的30—59岁劳动力失业率,0.0
202307,全国城镇25—59岁劳动力失业率,0.0
202307,全国城镇16—24岁劳动力失业率,0.0
202307,全国城镇本地户籍劳动力失业率,5.3
202307,31个大城市城镇调查失业率,5.4
202307,全国城镇调查失业率,5.3
202307,全国城镇外来户籍劳动力失业率,5.2
202307,企业就业人员周平均工作时间,48.7
202308,全国城镇不包含在校生的30—59岁劳动力失业率,0.0
202308,全国城镇16—24岁劳动力失业率,0.0
202308,全国城镇调查失业率,5.2
202308,全国城镇不包含在校生的16—24岁劳动力失业率,0.0
202308,全国城镇外来户籍劳动力失业率,4.8
202308,全国城镇25—59岁劳动力失业率,0.0
202308,企业就业人员周平均工作时间,48.7
202308,全国城镇不包含在校生的25—29岁劳动力失业率,0.0
202308,31个大城市城镇调查失业率,5.3
202308,全国城镇本地户籍劳动力失业率,5.3
202309,全国城镇16—24岁劳动力失业率,0.0
202309,全国城镇25—59岁劳动力失业率,0.0
202309,全国城镇调查失业率,5.0
202309,企业就业人员周平均工作时间,48.8
202309,全国城镇本地户籍劳动力失业率,5.1
202309,31个大城市城镇调查失业率,5.2
202309,全国城镇外来户籍劳动力失业率,4.9
202309,全国城镇不包含在校生的16—24岁劳动力失业率,0.0
202309,全国城镇不包含在校生的25—29岁劳动力失业率,0.0
202309,全国城镇不包含在校生的30—59岁劳动力失业率,0.0
202310,全国城镇本地户籍劳动力失业率,5.0
202310,全国城镇不包含在校生的25—29岁劳动力失业率,0.0
202310,全国城镇调查失业率,5.0
202310,全国城镇25—59岁劳动力失业率,0.0
202310,全国城镇外来户籍劳动力失业率,4.9
202310,31个大城市城镇调查失业率,5.0
202310,全国城镇16—24岁劳动力失业率,0.0
202310,全国城镇不包含在校生的16—24岁劳动力失业率,0.0
202310,企业就业人员周平均工作时间,48.7
202310,全国城镇不包含在校生的30—59岁劳动力失业率,0.0
202311,全国城镇外来户籍劳动力失业率,4.7
202311,全国城镇16—24岁劳动力失业率,0.0
202311,31个大城市城镇调查失业率,5.0
202311,全国城镇不包含在校生的16—24岁劳动力失业率,0.0
202311,全国城镇调查失业率,5.0
202311,全国城镇不包含在校生的30—59岁劳动力失业率,0.0
202311,全国城镇不包含在校生的25—29岁劳动力失业率,0.0
202311,企业就业人员周平均工作时间,48.9
202311,全国城镇本地户籍劳动力失业率,5.1
202311,全国城镇25—59岁劳动力失业率,0.0
202312,全国城镇不包含在校生的30—59岁劳动力失业率,3.9
202312,全国城镇不包含在校生的16—24岁劳动力失业率,14.9
202312,全国城镇调查失业率,5.1
202312,企业就业人员周平均工作时间,49.0
202312,全国城镇不包含在校生的25—29岁劳动力失业率,6.1
202312,全国城镇25—59岁劳动力失业率,0.0
202312,31个大城市城镇调查失业率,5.0
202312,全国城镇外来户籍劳动力失业率,4.7
202312,全国城镇本地户籍劳动力失业率,5.2
202312,全国城镇16—24岁劳动力失业率,0.0
202401,31个大城市城镇调查失业率,4.9
202401,企业就业人员周平均工作时间,49.0
202401,全国城镇不包含在校生的25—29岁劳动力失业率,6.2
202401,全国城镇不包含在校生的30—59岁劳动力失业率,4.1
202401,全国城镇外来户籍劳动力失业率,4.7
202401,全国城镇不包含在校生的16—24岁劳动力失业率,14.6
202401,全国城镇本地户籍劳动力失业率,5.4
202401,全国城镇25—59岁劳动力失业率,0.0
202401,全国城镇调查失业率,5.2
202401,全国城镇16—24岁劳动力失业率,0.0
202402,全国城镇不包含在校生的16—24岁劳动力失业率,15.3
202402,全国城镇调查失业率,5.3
202402,31个大城市城镇调查失业率,5.1
202402,全国城镇25—59岁劳动力失业率,0.0
202402,全国城镇不包含在校生的30—59岁劳动力失业率,4.2
202402,企业就业人员周平均工作时间,48.0
202402,全国城镇本地户籍劳动力失业率,5.5
202402,全国城镇不包含在校生的25—29岁劳动力失业率,6.4
202402,全国城镇16—24岁劳动力失业率,0.0
202402,全国城镇外来户籍劳动力失业率,4.8
202403,全国城镇不包含在校生的25—29岁劳动力失业率,7.2
202403,全国城镇本地户籍劳动力失业率,5.3
202403,全国城镇不包含在校生的30—59岁劳动力失业率,4.1
202403,全国城镇不包含在校生的16—24岁劳动力失业率,15.3
202403,全国城镇25—59岁劳动力失业率,0.0
202403,企业就业人员周平均工作时间,48.6
202403,全国城镇外来户籍劳动力失业率,5.1
202403,全国城镇16—24岁劳动力失业率,0.0
202403,31个大城市城镇调查失业率,5.1
202403,全国城镇调查失业率,5.2
202404,全国城镇不包含在校生的16—24岁劳动力失业率,14.7
202404,全国城镇25—59岁劳动力失业率,0.0
202404,企业就业人员周平均工作时间,48.5
202404,全国城镇不包含在校生的25—29岁劳动力失业率,7.1
202404,全国城镇不包含在校生的30—59岁劳动力失业率,4.0
202404,全国城镇调查失业率,5.0
202404,全国城镇16—24岁劳动力失业率,0.0
202404,31个大城市城镇调查失业率,5.0
202404,全国城镇外来户籍劳动力失业率,4.9
202404,全国城镇本地户籍劳动力失业率,5.1
202405,全国城镇本地户籍劳动力失业率,5.1
202405,全国城镇调查失业率,5.0
202405,全国城镇25—59岁劳动力失业率,0.0
202405,全国城镇外来户籍劳动力失业率,4.7
202405,全国城镇不包含在校生的30—59岁劳动力失业率,4.0
202405,全国城镇不包含在校生的25—29岁劳动力失业率,6.6
202405,全国城镇不包含在校生的16—24岁劳动力失业率,14.2
202405,企业就业人员周平均工作时间,48.7
202405,全国城镇16—24岁劳动力失业率,0.0
202405,31个大城市城镇调查失业率,4.9
202406,全国城镇不包含在校生的30—59岁劳动力失业率,4.0
202406,全国城镇本地户籍劳动力失业率,5.0
202406,31个大城市城镇调查失业率,4.9
202406,全国城镇不包含在校生的25—29岁劳动力失业率,6.4
202406,全国城镇调查失业率,5.0
202406,全国城镇16—24岁劳动力失业率,0.0
202406,全国城镇不包含在校生的16—24岁劳动力失业率,13.2
202406,企业就业人员周平均工作时间,48.6
202406,全国城镇25—59岁劳动力失业率,0.0
202406,全国城镇外来户籍劳动力失业率,4.8
202407,全国城镇16—24岁劳动力失业率,0.0
202407,全国城镇调查失业率,5.2
202407,全国城镇25—59岁劳动力失业率,0.0
202407,全国城镇不包含在校生的25—29岁劳动力失业率,6.5
202407,全国城镇外来户籍劳动力失业率,5.1
202407,全国城镇不包含在校生的30—59岁劳动力失业率,3.9
202407,企业就业人员周平均工作时间,48.7
202407,全国城镇本地户籍劳动力失业率,5.2
202407,全国城镇不包含在校生的16—24岁劳动力失业率,17.1
202407,31个大城市城镇调查失业率,5.3
202408,全国城镇不包含在校生的30—59岁劳动力失业率,3.9
202408,企业就业人员周平均工作时间,48.7
202408,全国城镇25—59岁劳动力失业率,0.0
202408,全国城镇不包含在校生的16—24岁劳动力失业率,18.8
202408,31个大城市城镇调查失业率,5.4
202408,全国城镇调查失业率,5.3
202408,全国城镇不包含在校生的25—29岁劳动力失业率,6.9
202408,全国城镇外来户籍劳动力失业率,4.9
202408,全国城镇本地户籍劳动力失业率,5.4
202408,全国城镇16—24岁劳动力失业率,0.0
202409,全国城镇16—24岁劳动力失业率,0.0
202409,全国城镇不包含在校生的30—59岁劳动力失业率,3.9
202409,全国城镇不包含在校生的25—29岁劳动力失业率,6.7
202409,全国城镇调查失业率,5.1
202409,全国城镇25—59岁劳动力失业率,0.0
202409,企业就业人员周平均工作时间,48.8
202409,全国城镇本地户籍劳动力失业率,5.2
202409,全国城镇外来户籍劳动力失业率,4.8
202409,全国城镇不包含在校生的16—24岁劳动力失业率,17.6
202409,31个大城市城镇调查失业率,5.1
202410,全国城镇外来户籍劳动力失业率,4.8
202410,全国城镇不包含在校生的16—24岁劳动力失业率,17.1
202410,全国城镇本地户籍劳动力失业率,5.1
202410,全国城镇不包含在校生的30—59岁劳动力失业率,3.8
202410,企业就业人员周平均工作时间,48.6
202410,全国城镇不包含在校生的25—29岁劳动力失业率,6.8
202410,全国城镇25—59岁劳动力失业率,0.0
202410,全国城镇调查失业率,5.0
202410,31个大城市城镇调查失业率,5.0
202410,全国城镇16—24岁劳动力失业率,0.0
202411,企业就业人员周平均工作时间,48.9
202411,全国城镇本地户籍劳动力失业率,5.2
202411,全国城镇25—59岁劳动力失业率,0.0
202411,全国城镇不包含在校生的25—29岁劳动力失业率,6.7
202411,全国城镇调查失业率,5.0
202411,全国城镇16—24岁劳动力失业率,0.0
202411,31个大城市城镇调查失业率,5.0
202411,全国城镇不包含在校生的16—24岁劳动力失业率,16.1
202411,全国城镇不包含在校生的30—59岁劳动力失业率,3.8
202411,全国城镇外来户籍劳动力失业率,4.6
202412,全国城镇25—59岁劳动力失业率,0.0
202412,全国城镇不包含在校生的16—24岁劳动力失业率,15.7
202412,全国城镇不包含在校生的30—59岁劳动力失业率,3.9
202412,全国城镇16—24岁劳动力失业率,0.0
202412,企业就业人员周平均工作时间,49.0
202412,全国城镇外来户籍劳动力失业率,4.6
202412,全国城镇本地户籍劳动力失业率,5.3
202412,全国城镇调查失业率,5.1
202412,全国城镇不包含在校生的25—29岁劳动力失业率,6.6
202412,31个大城市城镇调查失业率,5.0
202501,全国城镇本地户籍劳动力失业率,5.4
202501,全国城镇外来户籍劳动力失业率,4.7
202501,全国城镇25—59岁劳动力失业率,0.0
202501,全国城镇不包含在校生的16—24岁劳动力失业率,16.1
202501,全国城镇16—24岁劳动力失业率,0.0
202501,全国城镇调查失业率,5.2
202501,企业就业人员周平均工作时间,49.1
202501,31个大城市城镇调查失业率,5.1
202501,全国城镇不包含在校生的25—29岁劳动力失业率,6.9
202501,全国城镇不包含在校生的30—59岁劳动力失业率,4.0
202502,全国城镇外来户籍劳动力失业率,5.0
202502,全国城镇本地户籍劳动力失业率,5.6
202502,全国城镇16—24岁劳动力失业率,0.0
202502,31个大城市城镇调查失业率,5.2
202502,全国城镇25—59岁劳动力失业率,0.0
202502,全国城镇不包含在校生的16—24岁劳动力失业率,16.9
202502,全国城镇不包含在校生的25—29岁劳动力失业率,7.3
202502,企业就业人员周平均工作时间,47.1
202502,全国城镇调查失业率,5.4
202502,全国城镇不包含在校生的30—59岁劳动力失业率,4.3
202503,全国城镇不包含在校生的25—29岁劳动力失业率,7.2
202503,全国城镇外来户籍劳动力失业率,4.9
202503,全国城镇不包含在校生的30—59岁劳动力失业率,4.1
202503,企业就业人员周平均工作时间,48.5
202503,全国城镇16—24岁劳动力失业率,0.0
202503,全国城镇不包含在校生的16—24岁劳动力失业率,16.5
202503,31个大城市城镇调查失业率,5.2
202503,全国城镇25—59岁劳动力失业率,0.0
202503,全国城镇调查失业率,5.2
202503,全国城镇本地户籍劳动力失业率,5.3
202504,全国城镇不包含在校生的30—59岁劳动力失业率,4.0
202504,31个大城市城镇调查失业率,5.1
202504,全国城镇外来户籍劳动力失业率,4.8
202504,企业就业人员周平均工作时间,48.3
202504,全国城镇不包含在校生的25—29岁劳动力失业率,7.1
202504,全国城镇16—24岁劳动力失业率,0.0
202504,全国城镇不包含在校生的16—24岁劳动力失业率,15.8
202504,全国城镇25—59岁劳动力失业率,0.0
202504,全国城镇本地户籍劳动力失业率,5.2
202504,全国城镇调查失业率,5.1
